{
  "total_instances": 4,
  "timestamp": "2026-01-20T00:35:18.353624",
  "metrics": {
    "fidelity_score": {
      "mean": 0.575,
      "median": 0.55,
      "std": 0.09574271077563379,
      "min": 0.5,
      "max": 0.7
    },
    "sign_match_score": {
      "mean": 0.15000000000000002,
      "median": 0.1,
      "std": 0.19148542155126763,
      "min": 0.0,
      "max": 0.4
    },
    "clarity_score": {
      "mean": 92.67065583021612,
      "median": 92.87195260879471,
      "std": 0.6232265152023035,
      "min": 91.80379746835443,
      "max": 93.13492063492063
    },
    "coverage_topk": {
      "mean": 15.0,
      "median": 10.0,
      "std": 19.148542155126762,
      "min": 0.0,
      "max": 40.0
    },
    "shap_conservation_error": {
      "mean": 0.04000000000000006,
      "median": 0.04000000000000006,
      "std": 0.046188021535169946,
      "min": 1.6653345369377348e-16,
      "max": 0.07999999999999996
    },
    "shap_conservation_rate": 0.5
  },
  "dataset_breast_cancer": {
    "count": 4,
    "clarity_mean": 92.67065583021612,
    "coverage_mean": 15.0,
    "fidelity_mean": 0.575
  }
}